,id,name,symbol,slug,num_market_pairs,date_added,tags,max_supply,circulating_supply,total_supply,infinite_supply,platform,cmc_rank,self_reported_circulating_supply,self_reported_market_cap,tvl_ratio,last_updated,quote.USD.price,quote.USD.volume_24h,quote.USD.volume_change_24h,quote.USD.percent_change_1h,quote.USD.percent_change_24h,quote.USD.percent_change_7d,quote.USD.percent_change_30d,quote.USD.percent_change_60d,quote.USD.percent_change_90d,quote.USD.market_cap,quote.USD.market_cap_dominance,quote.USD.fully_diluted_market_cap,quote.USD.tvl,quote.USD.last_updated,platform.id,platform.name,platform.symbol,platform.slug,platform.token_address,timestamp
0,1,Bitcoin,BTC,bitcoin,12023,2010-07-13T00:00:00.000Z,"['mineable', 'pow', 'sha-256', 'store-of-value', 'state-channel', 'coinbase-ventures-portfolio', 'three-arrows-capital-portfolio', 'polychain-capital-portfolio', 'binance-labs-portfolio', 'blockchain-capital-portfolio', 'boostvc-portfolio', 'cms-holdings-portfolio', 'dcg-portfolio', 'dragonfly-capital-portfolio', 'electric-capital-portfolio', 'fabric-ventures-portfolio', 'framework-ventures-portfolio', 'galaxy-digital-portfolio', 'huobi-capital-portfolio', 'alameda-research-portfolio', 'a16z-portfolio', '1confirmation-portfolio', 'winklevoss-capital-portfolio', 'usv-portfolio', 'placeholder-ventures-portfolio', 'pantera-capital-portfolio', 'multicoin-capital-portfolio', 'paradigm-portfolio', 'bitcoin-ecosystem', 'ftx-bankruptcy-estate', '2017-2018-alt-season', 'us-strategic-crypto-reserve']",21000000.0,19849303.0,19849303.0,False,,1,,,,2025-04-10T13:37:00.000Z,81492.73377799368,67448488326.39679,10.9031,-0.43823222,5.66807493,-0.9571171,-0.09922688,-15.31564763,-12.3510032,1617573965057.7312,62.639,1711347409337.87,,2025-04-10T13:37:00.000Z,,,,,,2025-04-10 13:38:22.461586
1,1027,Ethereum,ETH,ethereum,10118,2015-08-07T00:00:00.000Z,"['pos', 'smart-contracts', 'ethereum-ecosystem', 'coinbase-ventures-portfolio', 'three-arrows-capital-portfolio', 'polychain-capital-portfolio', 'binance-labs-portfolio', 'blockchain-capital-portfolio', 'boostvc-portfolio', 'cms-holdings-portfolio', 'dcg-portfolio', 'dragonfly-capital-portfolio', 'electric-capital-portfolio', 'fabric-ventures-portfolio', 'framework-ventures-portfolio', 'hashkey-capital-portfolio', 'kenetic-capital-portfolio', 'huobi-capital-portfolio', 'alameda-research-portfolio', 'a16z-portfolio', '1confirmation-portfolio', 'winklevoss-capital-portfolio', 'usv-portfolio', 'placeholder-ventures-portfolio', 'pantera-capital-portfolio', 'multicoin-capital-portfolio', 'paradigm-portfolio', 'ethereum-pow-ecosystem', 'layer-1', 'ftx-bankruptcy-estate', 'sora-ecosystem', 'rsk-rbtc-ecosystem', 'world-liberty-financial-portfolio', 'us-strategic-crypto-reserve']",,120680830.78496061,120680830.78496061,True,,2,,,,2025-04-10T13:37:00.000Z,1577.3600955357037,31173080655.35134,4.3603,-1.57940735,7.02150089,-11.29327736,-17.64627933,-40.27164734,-51.0922764,190357126776.29358,7.3713,190357126776.29,,2025-04-10T13:37:00.000Z,,,,,,2025-04-10 13:38:22.461586
2,825,Tether USDt,USDT,tether,123507,2015-02-25T00:00:00.000Z,"['stablecoin', 'asset-backed-stablecoin', 'usd-stablecoin', 'ethereum-pow-ecosystem', 'fiat-stablecoin', 'tron20-ecosystem', 'rsk-rbtc-ecosystem', 'telos-ecosystem', 'world-liberty-financial-portfolio']",,144371007893.20065,148858996005.5019,True,,3,,,,2025-04-10T13:36:00.000Z,0.9995454404680545,117143998177.3735,13.8248,0.01114448,0.01766566,-0.02358405,-0.02914451,-0.07247745,-0.05406912,144305382675.4262,5.5792,148791330729.95,,2025-04-10T13:36:00.000Z,1027.0,Ethereum,ETH,ethereum,0xdac17f958d2ee523a2206206994597c13d831ec7,2025-04-10 13:38:22.461586
3,52,XRP,XRP,xrp,1584,2013-08-04T00:00:00.000Z,"['medium-of-exchange', 'enterprise-solutions', 'xrp-ecosystem', 'arrington-xrp-capital-portfolio', 'galaxy-digital-portfolio', 'a16z-portfolio', 'pantera-capital-portfolio', 'ftx-bankruptcy-estate', '2017-2018-alt-season', 'klaytn-ecosystem', 'made-in-america', 'us-strategic-crypto-reserve']",100000000000.0,58274974538.0,99986277500.0,False,,4,,,,2025-04-10T13:37:00.000Z,2.002113997668451,7245513059.447057,-0.2362,-0.59111745,10.39749293,-0.42449021,-5.37761104,-16.93064277,-11.80748287,116673142236.30237,4.5034,200211399766.85,,2025-04-10T13:37:00.000Z,,,,,,2025-04-10 13:38:22.461586
4,1839,BNB,BNB,bnb,2463,2017-07-25T00:00:00.000Z,"['marketplace', 'centralized-exchange', 'payments', 'smart-contracts', 'alameda-research-portfolio', 'multicoin-capital-portfolio', 'bnb-chain-ecosystem', 'layer-1', 'alleged-sec-securities', 'celsius-bankruptcy-estate']",,142470834.27,142470834.27,False,,5,,,,2025-04-10T13:37:00.000Z,576.710575909097,1971165134.493754,10.4246,-0.06906593,3.37367627,-1.95913401,5.22231779,-7.46943964,-16.57264295,82164436882.10121,3.1817,82164436882.1,,2025-04-10T13:37:00.000Z,,,,,,2025-04-10 13:38:22.461586
0,1,Bitcoin,BTC,bitcoin,12023,2010-07-13T00:00:00.000Z,"['mineable', 'pow', 'sha-256', 'store-of-value', 'state-channel', 'coinbase-ventures-portfolio', 'three-arrows-capital-portfolio', 'polychain-capital-portfolio', 'binance-labs-portfolio', 'blockchain-capital-portfolio', 'boostvc-portfolio', 'cms-holdings-portfolio', 'dcg-portfolio', 'dragonfly-capital-portfolio', 'electric-capital-portfolio', 'fabric-ventures-portfolio', 'framework-ventures-portfolio', 'galaxy-digital-portfolio', 'huobi-capital-portfolio', 'alameda-research-portfolio', 'a16z-portfolio', '1confirmation-portfolio', 'winklevoss-capital-portfolio', 'usv-portfolio', 'placeholder-ventures-portfolio', 'pantera-capital-portfolio', 'multicoin-capital-portfolio', 'paradigm-portfolio', 'bitcoin-ecosystem', 'ftx-bankruptcy-estate', '2017-2018-alt-season', 'us-strategic-crypto-reserve']",21000000.0,19849328.0,19849328.0,False,,1,,,,2025-04-10T13:44:00.000Z,80770.35863458061,67224871512.10404,9.6894,-1.35114232,4.42311011,-1.88074848,-0.62050415,-15.97085606,-13.68702432,1603237341215.4226,62.2469,1696177531326.19,,2025-04-10T13:44:00.000Z,,,,,,2025-04-10 13:45:14.165926
1,1027,Ethereum,ETH,ethereum,10118,2015-08-07T00:00:00.000Z,"['pos', 'smart-contracts', 'ethereum-ecosystem', 'coinbase-ventures-portfolio', 'three-arrows-capital-portfolio', 'polychain-capital-portfolio', 'binance-labs-portfolio', 'blockchain-capital-portfolio', 'boostvc-portfolio', 'cms-holdings-portfolio', 'dcg-portfolio', 'dragonfly-capital-portfolio', 'electric-capital-portfolio', 'fabric-ventures-portfolio', 'framework-ventures-portfolio', 'hashkey-capital-portfolio', 'kenetic-capital-portfolio', 'huobi-capital-portfolio', 'alameda-research-portfolio', 'a16z-portfolio', '1confirmation-portfolio', 'winklevoss-capital-portfolio', 'usv-portfolio', 'placeholder-ventures-portfolio', 'pantera-capital-portfolio', 'multicoin-capital-portfolio', 'paradigm-portfolio', 'ethereum-pow-ecosystem', 'layer-1', 'ftx-bankruptcy-estate', 'sora-ecosystem', 'rsk-rbtc-ecosystem', 'world-liberty-financial-portfolio', 'us-strategic-crypto-reserve']",,120680830.78496061,120680830.78496061,True,,2,,,,2025-04-10T13:44:00.000Z,1561.979281428174,30942693098.54803,3.6752,-2.40640601,5.57845945,-12.39379614,-18.33744156,-40.70098745,-51.88663114,188500957351.64786,7.3299,188500957351.65,,2025-04-10T13:44:00.000Z,,,,,,2025-04-10 13:45:14.165926
2,825,Tether USDt,USDT,tether,123507,2015-02-25T00:00:00.000Z,"['stablecoin', 'asset-backed-stablecoin', 'usd-stablecoin', 'ethereum-pow-ecosystem', 'fiat-stablecoin', 'tron20-ecosystem', 'rsk-rbtc-ecosystem', 'telos-ecosystem', 'world-liberty-financial-portfolio']",,144371007893.20065,148858996005.5019,True,,3,,,,2025-04-10T13:43:00.000Z,0.9994801323351452,116798063584.87881,12.3853,0.00465477,0.00687101,-0.02472505,-0.01776711,-0.06956809,-0.05360291,144295954074.45447,5.5911,148781609026.86,,2025-04-10T13:43:00.000Z,1027.0,Ethereum,ETH,ethereum,0xdac17f958d2ee523a2206206994597c13d831ec7,2025-04-10 13:45:14.165926
3,52,XRP,XRP,xrp,1584,2013-08-04T00:00:00.000Z,"['medium-of-exchange', 'enterprise-solutions', 'xrp-ecosystem', 'arrington-xrp-capital-portfolio', 'galaxy-digital-portfolio', 'a16z-portfolio', 'pantera-capital-portfolio', 'ftx-bankruptcy-estate', '2017-2018-alt-season', 'klaytn-ecosystem', 'made-in-america', 'us-strategic-crypto-reserve']",100000000000.0,58274974538.0,99986277500.0,False,,4,,,,2025-04-10T13:44:00.000Z,1.9839244103667986,7166445041.168905,-2.8458,-1.63516109,8.26764297,-1.28515885,-6.64037241,-17.57334046,-12.62563606,115613144499.44185,4.4988,198392441036.68,,2025-04-10T13:44:00.000Z,,,,,,2025-04-10 13:45:14.165926
4,1839,BNB,BNB,bnb,2463,2017-07-25T00:00:00.000Z,"['marketplace', 'centralized-exchange', 'payments', 'smart-contracts', 'alameda-research-portfolio', 'multicoin-capital-portfolio', 'bnb-chain-ecosystem', 'layer-1', 'alleged-sec-securities', 'celsius-bankruptcy-estate']",,142470831.48,142470831.48,False,,5,,,,2025-04-10T13:44:00.000Z,574.6201692360146,1966938643.3655453,9.7693,-0.51065655,2.61626403,-2.33890469,4.41530041,-7.91048586,-16.80755229,81866613296.2333,3.1785,81866613296.23,,2025-04-10T13:44:00.000Z,,,,,,2025-04-10 13:45:14.165926
0,1,Bitcoin,BTC,bitcoin,12023,2010-07-13T00:00:00.000Z,"['mineable', 'pow', 'sha-256', 'store-of-value', 'state-channel', 'coinbase-ventures-portfolio', 'three-arrows-capital-portfolio', 'polychain-capital-portfolio', 'binance-labs-portfolio', 'blockchain-capital-portfolio', 'boostvc-portfolio', 'cms-holdings-portfolio', 'dcg-portfolio', 'dragonfly-capital-portfolio', 'electric-capital-portfolio', 'fabric-ventures-portfolio', 'framework-ventures-portfolio', 'galaxy-digital-portfolio', 'huobi-capital-portfolio', 'alameda-research-portfolio', 'a16z-portfolio', '1confirmation-portfolio', 'winklevoss-capital-portfolio', 'usv-portfolio', 'placeholder-ventures-portfolio', 'pantera-capital-portfolio', 'multicoin-capital-portfolio', 'paradigm-portfolio', 'bitcoin-ecosystem', 'ftx-bankruptcy-estate', '2017-2018-alt-season', 'us-strategic-crypto-reserve']",21000000.0,19849346.0,19849346.0,False,,1,,,,2025-04-10T15:57:00.000Z,78761.27938942243,67045966163.36785,6.6162,-3.11114922,2.20425181,-3.92284348,-3.35789153,-18.36471847,-16.07980267,1563359886003.3145,62.5202,1653986867177.87,,2025-04-10T15:57:00.000Z,,,,,,2025-04-10 15:59:00.861855
1,1027,Ethereum,ETH,ethereum,10118,2015-08-07T00:00:00.000Z,"['pos', 'smart-contracts', 'ethereum-ecosystem', 'coinbase-ventures-portfolio', 'three-arrows-capital-portfolio', 'polychain-capital-portfolio', 'binance-labs-portfolio', 'blockchain-capital-portfolio', 'boostvc-portfolio', 'cms-holdings-portfolio', 'dcg-portfolio', 'dragonfly-capital-portfolio', 'electric-capital-portfolio', 'fabric-ventures-portfolio', 'framework-ventures-portfolio', 'hashkey-capital-portfolio', 'kenetic-capital-portfolio', 'huobi-capital-portfolio', 'alameda-research-portfolio', 'a16z-portfolio', '1confirmation-portfolio', 'winklevoss-capital-portfolio', 'usv-portfolio', 'placeholder-ventures-portfolio', 'pantera-capital-portfolio', 'multicoin-capital-portfolio', 'paradigm-portfolio', 'ethereum-pow-ecosystem', 'layer-1', 'ftx-bankruptcy-estate', 'sora-ecosystem', 'rsk-rbtc-ecosystem', 'world-liberty-financial-portfolio', 'us-strategic-crypto-reserve']",,120680830.78496061,120680830.78496061,True,,2,,,,2025-04-10T15:57:00.000Z,1500.9178868517379,30911709857.539463,-1.2365,-4.19886151,1.10338165,-15.66611282,-21.80366074,-43.42388008,-53.78327853,181132017525.27524,7.2314,181132017525.28,,2025-04-10T15:57:00.000Z,,,,,,2025-04-10 15:59:00.861855
2,825,Tether USDt,USDT,tether,123562,2015-02-25T00:00:00.000Z,"['stablecoin', 'asset-backed-stablecoin', 'usd-stablecoin', 'ethereum-pow-ecosystem', 'fiat-stablecoin', 'tron20-ecosystem', 'rsk-rbtc-ecosystem', 'telos-ecosystem', 'world-liberty-financial-portfolio']",,144371007893.20065,148858996005.5019,True,,3,,,,2025-04-10T15:56:00.000Z,0.9994704570843383,117851192906.05495,11.7482,0.00245004,0.02357912,-0.01710006,-0.01860269,-0.08676052,-0.09069529,144294557248.74387,5.767,148780168778.73,,2025-04-10T15:56:00.000Z,1027.0,Ethereum,ETH,ethereum,0xdac17f958d2ee523a2206206994597c13d831ec7,2025-04-10 15:59:00.861855
3,52,XRP,XRP,xrp,1584,2013-08-04T00:00:00.000Z,"['medium-of-exchange', 'enterprise-solutions', 'xrp-ecosystem', 'arrington-xrp-capital-portfolio', 'galaxy-digital-portfolio', 'a16z-portfolio', 'pantera-capital-portfolio', 'ftx-bankruptcy-estate', '2017-2018-alt-season', 'klaytn-ecosystem', 'made-in-america', 'us-strategic-crypto-reserve']",100000000000.0,58274974538.0,99986277500.0,False,,4,,,,2025-04-10T15:57:00.000Z,1.9384556609781334,7195453365.788883,-2.3638,-3.54026749,5.79246967,-3.12761381,-9.29677186,-20.06705269,-15.37948582,112963454286.54268,4.5138,193845566097.81,,2025-04-10T15:57:00.000Z,,,,,,2025-04-10 15:59:00.861855
4,1839,BNB,BNB,bnb,2463,2017-07-25T00:00:00.000Z,"['marketplace', 'centralized-exchange', 'payments', 'smart-contracts', 'alameda-research-portfolio', 'multicoin-capital-portfolio', 'bnb-chain-ecosystem', 'layer-1', 'alleged-sec-securities', 'celsius-bankruptcy-estate']",,142470821.35,142470821.35,False,,5,,,,2025-04-10T15:57:00.000Z,568.6175057205185,1953533572.6568568,9.3816,-1.58594794,1.27283542,-2.82693497,3.65711577,-8.80015556,-17.96776983,81011403073.99059,3.2397,81011403073.99,,2025-04-10T15:57:00.000Z,,,,,,2025-04-10 15:59:00.861855
0,1,Bitcoin,BTC,bitcoin,12025,2010-07-13T00:00:00.000Z,"['mineable', 'pow', 'sha-256', 'store-of-value', 'state-channel', 'coinbase-ventures-portfolio', 'three-arrows-capital-portfolio', 'polychain-capital-portfolio', 'binance-labs-portfolio', 'blockchain-capital-portfolio', 'boostvc-portfolio', 'cms-holdings-portfolio', 'dcg-portfolio', 'dragonfly-capital-portfolio', 'electric-capital-portfolio', 'fabric-ventures-portfolio', 'framework-ventures-portfolio', 'galaxy-digital-portfolio', 'huobi-capital-portfolio', 'alameda-research-portfolio', 'a16z-portfolio', '1confirmation-portfolio', 'winklevoss-capital-portfolio', 'usv-portfolio', 'placeholder-ventures-portfolio', 'pantera-capital-portfolio', 'multicoin-capital-portfolio', 'paradigm-portfolio', 'bitcoin-ecosystem', 'ftx-bankruptcy-estate', '2017-2018-alt-season', 'us-strategic-crypto-reserve']",21000000.0,19849793.0,19849793.0,False,,1,,,,2025-04-11T15:58:00.000Z,82470.78541193852,44018927249.64972,-35.0444,0.55516026,4.71329991,-0.45214106,0.95495403,-15.16622907,-12.61203433,1637028018974.3992,62.6991,1731886493650.71,,2025-04-11T15:58:00.000Z,,,,,,2025-04-11 15:59:29.087790
1,1027,Ethereum,ETH,ethereum,10119,2015-08-07T00:00:00.000Z,"['pos', 'smart-contracts', 'ethereum-ecosystem', 'coinbase-ventures-portfolio', 'three-arrows-capital-portfolio', 'polychain-capital-portfolio', 'binance-labs-portfolio', 'blockchain-capital-portfolio', 'boostvc-portfolio', 'cms-holdings-portfolio', 'dcg-portfolio', 'dragonfly-capital-portfolio', 'electric-capital-portfolio', 'fabric-ventures-portfolio', 'framework-ventures-portfolio', 'hashkey-capital-portfolio', 'kenetic-capital-portfolio', 'huobi-capital-portfolio', 'alameda-research-portfolio', 'a16z-portfolio', '1confirmation-portfolio', 'winklevoss-capital-portfolio', 'usv-portfolio', 'placeholder-ventures-portfolio', 'pantera-capital-portfolio', 'multicoin-capital-portfolio', 'paradigm-portfolio', 'ethereum-pow-ecosystem', 'layer-1', 'ftx-bankruptcy-estate', 'sora-ecosystem', 'rsk-rbtc-ecosystem', 'world-liberty-financial-portfolio', 'us-strategic-crypto-reserve']",,120682974.7307658,120682974.7307658,True,,2,,,,2025-04-11T15:58:00.000Z,1565.4474263001298,17968405604.96996,-42.297,0.51616446,4.47601603,-12.75853749,-16.21269828,-41.09531472,-52.11901534,188922852190.52094,7.2359,188922852190.52,,2025-04-11T15:58:00.000Z,,,,,,2025-04-11 15:59:29.087790
2,825,Tether USDt,USDT,tether,123774,2015-02-25T00:00:00.000Z,"['stablecoin', 'asset-backed-stablecoin', 'usd-stablecoin', 'ethereum-pow-ecosystem', 'fiat-stablecoin', 'tron20-ecosystem', 'rsk-rbtc-ecosystem', 'telos-ecosystem', 'world-liberty-financial-portfolio']",,144342486102.14392,148858996002.87717,True,,3,,,,2025-04-11T15:57:00.000Z,0.9993485193981019,75050064708.96263,-36.0642,-0.00830234,0.00288549,-0.02962001,-0.04061401,-0.08494697,-0.02392072,144248449772.4186,5.5248,148762017254.56,,2025-04-11T15:57:00.000Z,1027.0,Ethereum,ETH,ethereum,0xdac17f958d2ee523a2206206994597c13d831ec7,2025-04-11 15:59:29.087790
3,52,XRP,XRP,xrp,1587,2013-08-04T00:00:00.000Z,"['medium-of-exchange', 'enterprise-solutions', 'xrp-ecosystem', 'arrington-xrp-capital-portfolio', 'galaxy-digital-portfolio', 'a16z-portfolio', 'pantera-capital-portfolio', 'ftx-bankruptcy-estate', '2017-2018-alt-season', 'klaytn-ecosystem', 'made-in-america', 'us-strategic-crypto-reserve']",100000000000.0,58274974538.0,99986277500.0,False,,4,,,,2025-04-11T15:58:00.000Z,2.002761680297536,3546036772.546395,-50.7482,0.03558488,3.43351079,-5.90393164,-8.35636778,-17.311162,-16.81124883,116710885925.02101,4.4701,200276168029.75,,2025-04-11T15:58:00.000Z,,,,,,2025-04-11 15:59:29.087790
4,1839,BNB,BNB,bnb,2464,2017-07-25T00:00:00.000Z,"['marketplace', 'centralized-exchange', 'payments', 'smart-contracts', 'alameda-research-portfolio', 'multicoin-capital-portfolio', 'bnb-chain-ecosystem', 'layer-1', 'alleged-sec-securities', 'celsius-bankruptcy-estate']",,142470745.2,142470745.2,False,,5,,,,2025-04-11T15:58:00.000Z,585.1281611637843,1414648321.084335,-27.6319,0.28470341,2.95287482,-1.52560118,6.1268026,-2.99462633,-15.8297248,83363645158.51004,3.1929,83363645158.51,,2025-04-11T15:58:00.000Z,,,,,,2025-04-11 15:59:29.087790
0,1,Bitcoin,BTC,bitcoin,12025,2010-07-13T00:00:00.000Z,"['mineable', 'pow', 'sha-256', 'store-of-value', 'state-channel', 'coinbase-ventures-portfolio', 'three-arrows-capital-portfolio', 'polychain-capital-portfolio', 'binance-labs-portfolio', 'blockchain-capital-portfolio', 'boostvc-portfolio', 'cms-holdings-portfolio', 'dcg-portfolio', 'dragonfly-capital-portfolio', 'electric-capital-portfolio', 'fabric-ventures-portfolio', 'framework-ventures-portfolio', 'galaxy-digital-portfolio', 'huobi-capital-portfolio', 'alameda-research-portfolio', 'a16z-portfolio', '1confirmation-portfolio', 'winklevoss-capital-portfolio', 'usv-portfolio', 'placeholder-ventures-portfolio', 'pantera-capital-portfolio', 'multicoin-capital-portfolio', 'paradigm-portfolio', 'bitcoin-ecosystem', 'ftx-bankruptcy-estate', '2017-2018-alt-season', 'us-strategic-crypto-reserve']",21000000.0,19850287.0,19850287.0,False,,1,,,,2025-04-12T15:58:00.000Z,85020.03026409686,28667175521.258923,-34.8753,0.13689109,3.09108836,2.97202514,4.88603927,-12.37800639,-10.52144499,1687672001491.0085,62.3434,1785420635546.03,,2025-04-12T15:58:00.000Z,,,,,,2025-04-12 15:59:20.725043
1,1027,Ethereum,ETH,ethereum,10120,2015-08-07T00:00:00.000Z,"['pos', 'smart-contracts', 'ethereum-ecosystem', 'coinbase-ventures-portfolio', 'three-arrows-capital-portfolio', 'polychain-capital-portfolio', 'binance-labs-portfolio', 'blockchain-capital-portfolio', 'boostvc-portfolio', 'cms-holdings-portfolio', 'dcg-portfolio', 'dragonfly-capital-portfolio', 'electric-capital-portfolio', 'fabric-ventures-portfolio', 'framework-ventures-portfolio', 'hashkey-capital-portfolio', 'kenetic-capital-portfolio', 'huobi-capital-portfolio', 'alameda-research-portfolio', 'a16z-portfolio', '1confirmation-portfolio', 'winklevoss-capital-portfolio', 'usv-portfolio', 'placeholder-ventures-portfolio', 'pantera-capital-portfolio', 'multicoin-capital-portfolio', 'paradigm-portfolio', 'ethereum-pow-ecosystem', 'layer-1', 'ftx-bankruptcy-estate', 'sora-ecosystem', 'rsk-rbtc-ecosystem', 'world-liberty-financial-portfolio', 'us-strategic-crypto-reserve']",,120685534.72809424,120685534.72809424,True,,2,,,,2025-04-12T15:58:00.000Z,1655.0455845766785,12066171720.15597,-32.8478,-0.01510907,5.72348562,-7.10984211,-11.68570007,-37.86156726,-49.61817957,199740061374.00775,7.3785,199740061374.01,,2025-04-12T15:58:00.000Z,,,,,,2025-04-12 15:59:20.725043
2,825,Tether USDt,USDT,tether,123855,2015-02-25T00:00:00.000Z,"['stablecoin', 'asset-backed-stablecoin', 'usd-stablecoin', 'ethereum-pow-ecosystem', 'fiat-stablecoin', 'tron20-ecosystem', 'rsk-rbtc-ecosystem', 'telos-ecosystem', 'world-liberty-financial-portfolio']",,144389286100.93747,149858996001.63074,True,,3,,,,2025-04-12T15:57:00.000Z,0.9996692722852826,56467647469.41249,-24.76,0.01775666,0.0320962,-0.00519291,-0.01155216,-0.05190936,0.02111772,144341532562.3156,5.332,149809433478.35,,2025-04-12T15:57:00.000Z,1027.0,Ethereum,ETH,ethereum,0xdac17f958d2ee523a2206206994597c13d831ec7,2025-04-12 15:59:20.725043
3,52,XRP,XRP,xrp,1587,2013-08-04T00:00:00.000Z,"['medium-of-exchange', 'enterprise-solutions', 'xrp-ecosystem', 'arrington-xrp-capital-portfolio', 'galaxy-digital-portfolio', 'a16z-portfolio', 'pantera-capital-portfolio', 'ftx-bankruptcy-estate', '2017-2018-alt-season', 'klaytn-ecosystem', 'made-in-america', 'us-strategic-crypto-reserve']",100000000000.0,58338141684.0,99986253154.0,False,,4,,,,2025-04-12T15:58:00.000Z,2.153608816340136,3460796826.83267,-2.4038,-0.21144438,7.53195637,1.43469545,-5.68481343,-12.85077289,-14.53443701,125637536259.5624,4.6411,215360881634.01,,2025-04-12T15:58:00.000Z,,,,,,2025-04-12 15:59:20.725043
4,1839,BNB,BNB,bnb,2465,2017-07-25T00:00:00.000Z,"['marketplace', 'centralized-exchange', 'payments', 'smart-contracts', 'alameda-research-portfolio', 'multicoin-capital-portfolio', 'bnb-chain-ecosystem', 'layer-1', 'alleged-sec-securities', 'celsius-bankruptcy-estate']",,142470658.66,142470658.66,False,,5,,,,2025-04-12T15:58:00.000Z,598.9500124573508,1353686347.1779814,-4.3093,-0.00997923,2.36219212,1.24656269,3.22607215,-6.19594873,-13.78617301,85332802779.21397,3.1522,85332802779.21,,2025-04-12T15:58:00.000Z,,,,,,2025-04-12 15:59:20.725043
0,1,Bitcoin,BTC,bitcoin,12025,2010-07-13T00:00:00.000Z,"['mineable', 'pow', 'sha-256', 'store-of-value', 'state-channel', 'coinbase-ventures-portfolio', 'three-arrows-capital-portfolio', 'polychain-capital-portfolio', 'binance-labs-portfolio', 'blockchain-capital-portfolio', 'boostvc-portfolio', 'cms-holdings-portfolio', 'dcg-portfolio', 'dragonfly-capital-portfolio', 'electric-capital-portfolio', 'fabric-ventures-portfolio', 'framework-ventures-portfolio', 'galaxy-digital-portfolio', 'huobi-capital-portfolio', 'alameda-research-portfolio', 'a16z-portfolio', '1confirmation-portfolio', 'winklevoss-capital-portfolio', 'usv-portfolio', 'placeholder-ventures-portfolio', 'pantera-capital-portfolio', 'multicoin-capital-portfolio', 'paradigm-portfolio', 'bitcoin-ecosystem', 'ftx-bankruptcy-estate', '2017-2018-alt-season', 'us-strategic-crypto-reserve']",21000000.0,19850771.0,19850771.0,False,,1,,,,2025-04-13T15:57:00.000Z,83795.94986330543,25820247472.47601,-9.8527,-0.26414323,-1.44283014,1.50398477,-1.26258533,-12.51985659,-9.14118465,1663414211463.9575,62.5042,1759714947129.41,,2025-04-13T15:57:00.000Z,,,,,,2025-04-13 15:59:12.004097
1,1027,Ethereum,ETH,ethereum,10123,2015-08-07T00:00:00.000Z,"['pos', 'smart-contracts', 'ethereum-ecosystem', 'coinbase-ventures-portfolio', 'three-arrows-capital-portfolio', 'polychain-capital-portfolio', 'binance-labs-portfolio', 'blockchain-capital-portfolio', 'boostvc-portfolio', 'cms-holdings-portfolio', 'dcg-portfolio', 'dragonfly-capital-portfolio', 'electric-capital-portfolio', 'fabric-ventures-portfolio', 'framework-ventures-portfolio', 'hashkey-capital-portfolio', 'kenetic-capital-portfolio', 'huobi-capital-portfolio', 'alameda-research-portfolio', 'a16z-portfolio', '1confirmation-portfolio', 'winklevoss-capital-portfolio', 'usv-portfolio', 'placeholder-ventures-portfolio', 'pantera-capital-portfolio', 'multicoin-capital-portfolio', 'paradigm-portfolio', 'ethereum-pow-ecosystem', 'layer-1', 'ftx-bankruptcy-estate', 'sora-ecosystem', 'rsk-rbtc-ecosystem', 'world-liberty-financial-portfolio', 'us-strategic-crypto-reserve']",,120688085.4034377,120688085.4034377,True,,2,,,,2025-04-13T15:57:00.000Z,1587.611963423255,11222560673.863922,-6.973,0.25185356,-4.08221171,-9.8131199,-17.41985297,-39.10156159,-47.98142682,191605848229.14523,7.1992,191605848229.15,,2025-04-13T15:57:00.000Z,,,,,,2025-04-13 15:59:12.004097
2,825,Tether USDt,USDT,tether,123908,2015-02-25T00:00:00.000Z,"['stablecoin', 'asset-backed-stablecoin', 'usd-stablecoin', 'ethereum-pow-ecosystem', 'fiat-stablecoin', 'tron20-ecosystem', 'rsk-rbtc-ecosystem', 'telos-ecosystem', 'world-liberty-financial-portfolio']",,144389506100.82022,148058996001.5348,True,,3,,,,2025-04-13T15:56:00.000Z,0.9995749545047381,53283006230.94363,-7.3514,-0.00537062,-0.01074336,0.00924338,-0.04107519,-0.0418791,-0.01171715,144328133991.68896,5.4306,147996064192.25,,2025-04-13T15:56:00.000Z,1027.0,Ethereum,ETH,ethereum,0xdac17f958d2ee523a2206206994597c13d831ec7,2025-04-13 15:59:12.004097
3,52,XRP,XRP,xrp,1587,2013-08-04T00:00:00.000Z,"['medium-of-exchange', 'enterprise-solutions', 'xrp-ecosystem', 'arrington-xrp-capital-portfolio', 'galaxy-digital-portfolio', 'a16z-portfolio', 'pantera-capital-portfolio', 'ftx-bankruptcy-estate', '2017-2018-alt-season', 'klaytn-ecosystem', 'made-in-america', 'us-strategic-crypto-reserve']",100000000000.0,58338141684.0,99986253154.0,False,,4,,,,2025-04-13T15:57:00.000Z,2.1472703253906653,3817547835.4870915,10.3943,-0.21304102,-0.40371228,3.46652601,-8.92507368,-10.57801174,-12.84538368,125267760476.48941,4.7061,214727032539.07,,2025-04-13T15:57:00.000Z,,,,,,2025-04-13 15:59:12.004097
4,1839,BNB,BNB,bnb,2465,2017-07-25T00:00:00.000Z,"['marketplace', 'centralized-exchange', 'payments', 'smart-contracts', 'alameda-research-portfolio', 'multicoin-capital-portfolio', 'bnb-chain-ecosystem', 'layer-1', 'alleged-sec-securities', 'celsius-bankruptcy-estate']",,142470564.86,142470564.86,False,,5,,,,2025-04-13T15:57:00.000Z,583.9962620867286,1273848420.730896,-5.9471,-0.1238807,-2.53964552,0.49510315,-0.10717106,-11.32527144,-13.78229164,83202277335.62483,3.1264,83202277335.62,,2025-04-13T15:57:00.000Z,,,,,,2025-04-13 15:59:12.004097
0,1,Bitcoin,BTC,bitcoin,12032,2010-07-13T00:00:00.000Z,"['mineable', 'pow', 'sha-256', 'store-of-value', 'state-channel', 'coinbase-ventures-portfolio', 'three-arrows-capital-portfolio', 'polychain-capital-portfolio', 'binance-labs-portfolio', 'blockchain-capital-portfolio', 'boostvc-portfolio', 'cms-holdings-portfolio', 'dcg-portfolio', 'dragonfly-capital-portfolio', 'electric-capital-portfolio', 'fabric-ventures-portfolio', 'framework-ventures-portfolio', 'galaxy-digital-portfolio', 'huobi-capital-portfolio', 'alameda-research-portfolio', 'a16z-portfolio', '1confirmation-portfolio', 'winklevoss-capital-portfolio', 'usv-portfolio', 'placeholder-ventures-portfolio', 'pantera-capital-portfolio', 'multicoin-capital-portfolio', 'paradigm-portfolio', 'bitcoin-ecosystem', 'ftx-bankruptcy-estate', '2017-2018-alt-season', 'us-strategic-crypto-reserve']",21000000.0,19851212.0,19851212.0,False,,1,,,,2025-04-14T15:58:00.000Z,84228.8104697014,35125810928.27586,37.0423,-1.49828365,0.52438341,7.3528001,-0.14683089,-12.19385265,-12.7086084,1672043973141.8623,62.8099,1768805019863.73,,2025-04-14T15:58:00.000Z,,,,,,2025-04-14 15:59:32.268161
1,1027,Ethereum,ETH,ethereum,10131,2015-08-07T00:00:00.000Z,"['pos', 'smart-contracts', 'ethereum-ecosystem', 'coinbase-ventures-portfolio', 'three-arrows-capital-portfolio', 'polychain-capital-portfolio', 'binance-labs-portfolio', 'blockchain-capital-portfolio', 'boostvc-portfolio', 'cms-holdings-portfolio', 'dcg-portfolio', 'dragonfly-capital-portfolio', 'electric-capital-portfolio', 'fabric-ventures-portfolio', 'framework-ventures-portfolio', 'hashkey-capital-portfolio', 'kenetic-capital-portfolio', 'huobi-capital-portfolio', 'alameda-research-portfolio', 'a16z-portfolio', '1confirmation-portfolio', 'winklevoss-capital-portfolio', 'usv-portfolio', 'placeholder-ventures-portfolio', 'pantera-capital-portfolio', 'multicoin-capital-portfolio', 'paradigm-portfolio', 'ethereum-pow-ecosystem', 'layer-1', 'ftx-bankruptcy-estate', 'sora-ecosystem', 'rsk-rbtc-ecosystem', 'world-liberty-financial-portfolio', 'us-strategic-crypto-reserve']",,120690639.42094985,120690639.42094985,True,,2,,,,2025-04-14T15:58:00.000Z,1631.4221222997655,18403514983.937313,64.0958,-2.59253916,2.80152992,4.86245319,-15.77343618,-38.41294059,-49.02728211,196897379105.84174,7.3964,196897379105.84,,2025-04-14T15:58:00.000Z,,,,,,2025-04-14 15:59:32.268161
2,825,Tether USDt,USDT,tether,124028,2015-02-25T00:00:00.000Z,"['stablecoin', 'asset-backed-stablecoin', 'usd-stablecoin', 'ethereum-pow-ecosystem', 'fiat-stablecoin', 'tron20-ecosystem', 'rsk-rbtc-ecosystem', 'world-liberty-financial-portfolio']",,144343504474.9362,148058994474.65076,True,,3,,,,2025-04-14T15:57:00.000Z,0.9998305068901131,70502462292.78017,32.2461,-0.00204578,0.0204684,0.03578026,-0.01607169,-0.03630333,-0.00216059,144319039245.47076,5.4213,148033899495.23,,2025-04-14T15:57:00.000Z,1027.0,Ethereum,ETH,ethereum,0xdac17f958d2ee523a2206206994597c13d831ec7,2025-04-14 15:59:32.268161
3,52,XRP,XRP,xrp,1588,2013-08-04T00:00:00.000Z,"['medium-of-exchange', 'enterprise-solutions', 'xrp-ecosystem', 'arrington-xrp-capital-portfolio', 'galaxy-digital-portfolio', 'a16z-portfolio', 'pantera-capital-portfolio', 'ftx-bankruptcy-estate', '2017-2018-alt-season', 'klaytn-ecosystem', 'made-in-america', 'us-strategic-crypto-reserve']",100000000000.0,58338141684.0,99986253154.0,False,,4,,,,2025-04-14T15:58:00.000Z,2.1221186462676536,3920551717.63438,2.6959,-2.06767701,-1.22832072,12.99353466,-12.62874098,-13.3153276,-17.66037342,123800458256.22066,4.6505,212211864626.77,,2025-04-14T15:58:00.000Z,,,,,,2025-04-14 15:59:32.268161
4,1839,BNB,BNB,bnb,2468,2017-07-25T00:00:00.000Z,"['marketplace', 'centralized-exchange', 'payments', 'smart-contracts', 'alameda-research-portfolio', 'multicoin-capital-portfolio', 'bnb-chain-ecosystem', 'layer-1', 'alleged-sec-securities', 'celsius-bankruptcy-estate']",,142470466.75,142470466.75,False,,5,,,,2025-04-14T15:58:00.000Z,586.0100190247787,1376294211.815626,8.0533,-0.98529222,0.32210833,6.0802822,-2.8277329,-17.01527558,-15.7220699,83489120930.6366,3.1362,83489120930.64,,2025-04-14T15:58:00.000Z,,,,,,2025-04-14 15:59:32.268161
